{"schemaVersion":"1.0","appDefinitionTemplate":{"id":"/providers/Microsoft.PowerApps/apps/","type":"Microsoft.PowerApps/apps","tags":{"primaryDeviceWidth":"1365","primaryDeviceHeight":"530","supportsPortrait":"true","supportsLandscape":"true","primaryFormFactor":"Tablet","showStatusBar":"false","publisherVersion":"3.25064.3","minimumRequiredApiVersion":"2.2.0","hasComponent":"false","hasUnlockedComponent":"false","isUnifiedRootApp":"false","sienaVersion":"20250709T084127Z-3.25064.3.0"},"properties":{"appVersion":"2025-07-09T08:41:27Z","lifeCycleId":"Published","createdByClientVersion":{"major":3,"minor":25064,"build":3,"revision":0,"majorRevision":0,"minorRevision":0},"minClientVersion":{"major":3,"minor":25064,"build":3,"revision":0,"majorRevision":0,"minorRevision":0},"backgroundColor":"RGBA(0,176,240,1)","backgroundImageUri":"/7963244988121511788/N790368ac-0a6f-4751-9e24-1211a3cc2dfa-logoSmallFile","displayName":"Event Registration","description":"","commitMessage":"","appUris":{"documentUri":{"value":"/7963244988121511788/Nb898e189-2d52-48e4-bc1a-0ec15e47b8f3-document.msapp"},"imageUris":[],"additionalUris":[{"isSolutionAware":false,"value":"/7963244988121511788/N44d88ff5-5f55-4edd-8d4e-ad2fe37c4b76-identity.json"}]},"createdTime":"0001-01-01T00:00:00Z","lastModifiedTime":"0001-01-01T00:00:00Z","sharedGroupsCount":0,"sharedUsersCount":0,"connectionReferences":{},"databaseReferences":{"default.cds":{"databaseDetails":{"referenceType":"Environmental","environmentName":"default.cds","overrideValues":{"status":"NotSpecified","environmentVariableName":""}},"dataSources":{"Events":{"entitySetName":"cr7bf_event1s","logicalName":"cr7bf_event1","isHidden":false},"Users":{"entitySetName":"cr7bf_user1s","logicalName":"cr7bf_user1","isHidden":false},"Registrations":{"entitySetName":"cr7bf_registration1s","logicalName":"cr7bf_registration1","isHidden":false}},"actions":["providers/PowerPlatform.Governance/Operations/Read","providers/PowerPlatform.Governance/Operations/Write","providers/PowerPlatform.Governance/Operations/Delete"]}},"almMode":"Solution","performanceOptimizationEnabled":true,"canConsumeAppPass":true,"enableModernRuntimeMode":false,"executionRestrictions":{"isTeamsOnly":false,"dataLossPreventionEvaluationResult":{"status":"Compliant","lastEvaluationDate":"2025-07-09T08:17:22.0769447Z","violations":[],"violationsByPolicy":[],"violationErrorMessage":"The app uses the following connectors: shared_commondataservice."}}},"isAppComponentLibrary":false,"appType":"ClassicCanvasApp","appComponents":[]}}